Id,Class
4g2UZv3nOGWbTCiptDsQ,1
Hz8NEvBRqL31AdfQgmFn,1
gnJEALKUuqpMFItHRVzy,1
80G5QtOzNdR9CVxTJ3Uv,1
CMKGnmX4D3dQIzgxUAqT,1
BvwxC30DRuqGQag5ybjn,1
F1BvgrkuXq6zEfUsHAVG,1
gZx3mKdoY91baiu7PfDU,1
3AnwI4dqXDW8PQ7ijCKm,1
1aAwe4J9VHrsq8uEoZhf,1
hSvEjCqKdFGUgplHiX3s,1
BptGe4VriOWLUXmwoN81,1
gnfdqj5h8rkxUDzJ4obe,1
05rJTUWYAKNegBk2wE8X,1
bUBIJjfCntiQRvzh416F,1
g2pvrdbPVLKz408xBXef,1
7A10IwRlFPe2x9KhagSV,1
JMngbfY3PC5WkjA2iSvH,1
ivhYSt0cMuU8bwy5zxAe,1
1CWtrEfORZDj7psmnToA,1
12TEseaJ4jnbyORqKxhf,1
DeNw5KicW6YRnFjQbmaE,1
Jlcr6Ej1P3W04SRGh2Nw,1
ax9N5uRm3QvLVoWJnZsA,1
6SMZ0wGN2p3hv9rFEVcb,1
BL4IWnsa2AbXyoPHQ0kJ,1
1AXVt0D9mSU26fL4iFGc,1
6unp3PJlh9AoH5tsOE12,1
BRcPd4zStO9XVsnayUYw,1
CmqH2NFrlY4EyvzkTW1S,1
7DLNKwxjz5AoPZtcXrHB,1
7akW4s9DnVjR20eflLYm,1
6tIbeDRa0jfnZYcFqVdL,1
C1XFOqQ7ifPH23LaZolY,1
94dA6U1Diuc0rQxlyveO,1
0X6U3SfcmbuZNodnH9qL,1
HT1oyBYIg87K2kPuaqEZ,1
dKSWL08mXFJUc7VfA5YP,1
EuH31db0IYoVintDaL9v,1
5Su9y2pdWjXihsICkxUF,1
k9xRmJIPX3h68arYZ5Hj,1
I8qMJAXkFsO9CQzxvjK4,1
3yHaDhqlkp67fzMQAgxc,1
a7ugQM5sWX6R4fibeJFj,1
g2pvrdbPVLKz408xBXef,1
FWdX4sHo6lDgZBzGKymf,1
JiTOus5PgHU2kIfnw7eG,1
BL4IWnsa2AbXyoPHQ0kJ,1
HQYDIEBFLi8hM6RP5kWw,1
fdrMk83KcW97TIizZXCF,1
9k7XsAPloT1qrQeV8RCa,1
E1ALI9eYXgG2Nk0HOoby,1
ilxt65RehXQoDvTzdFLk,1
hy06iTwRapYMkPnmo17u,1
cqoIY36dhwfDNrnlHJsx,1
e1RMvSd83AgaCQY4PT2u,1
1gQDa4l9cNBbkO7n5IY0,1
7MQb5VEYLiSBPt1GZgeJ,1
H8dnb7uFRMm01jqDYWC3,1
Bi0qfC3cKRzFTNxgjbrJ,1
5mFA9kajVz67sSR8YNGL,1
dHQEF0MqiScAT2xoItZY,1
fs9oYJKeZ4BzXSlIWy3E,1
fg2tzH9vWwYIsKEDjxJ3,1
AtWjoFLHmYaelhIfzin9,1
BRHGMC6IkeKx4LjfPJ1Y,1
CR9GPyMf7ASTVdHWvoX2,1
guPdKvCA0cw9iN8yzbQM,1
CX7ol6EGO5dcu8pPirjI,1
B5KcvwyrkjX8oZWbMRap,1
cluw4HMDRQ7dhYIojUg6,1
1ckp5Ye83yzjIilWQCfm,1
1OHzGWXBTlpyVsIPK3kj,1
fs9oYJKeZ4BzXSlIWy3E,1
K1MACq57pdQfEsgjclS9,1
e6woXQkDrjFVxIuOtdfh,1
B5KcvwyrkjX8oZWbMRap,1
5KZSxj8gGDcdu1bs0v76,1
cP1LKEImqN9zQ5eXpodG,1
K18LQkydvn2l5HUxOquT,1
GQjf5BRNoHmXzt91hb0L,1
DdQMyxkfHuoOFEURZTBi,1
I8qMJAXkFsO9CQzxvjK4,1
7CAzl4vfXB9jtU5eaSPV,1
cSMXzpQ2q4nCy5UfPBg9,1
joxy4nGdLbYR187qJMAN,1
dVuxtiZLgQ8Na3DFbBlJ,1
C1OlcN2H8W0YATqZxipn,1
8iZw1cMaPBr4RJzxlFXH,1
dHjMq0s9tDrBS6Fp7TuI,1
JRgoPbLy2GVQzsUdKmkj,1
0DqUX5rkg3IbMY6BLGCE,1
gx5Miok2A1LDbOWNpUHn,1
hmFl23Vv8AQq74sLiuIz,1
iNqCDB2ehnPTloQJyWbU,1
GEfcnxDQbBIuid5UrMoy,1
HipXT3fGelugcbwKmkCv,1
cW5hky3FM0QIN8faz4B6,1
dnKrSUxLP8CVasfbuWyl,1
bmX4CguMr18O7DxThdiS,1
1rbXZBI9R3EleQDH74Sk,2
ITPGq9AXn4EZKmYeFpuB,2
e56nIVoiTlkJhuYb1pNy,2
6Cvyc7zMbZq5DfJprmXP,2
d4MZmSTpJQuP5yh7cl8W,2
cSI0v76wsFjOKfTJiQgE,2
anChwpjZ5qmgWJkcyxiN,2
aIKU0rgABR7pNQzhZyTu,2
DQ5fK17GCZbnJs6oNWva,2
Ewn8395kMeDfBKxXJQd4,2
Er6sn81fNIRqa2Db5pTu,2
CF6vmR5JGh0jw8eNoE1I,2
0uZcAvaHLitbWmC1QMXf,2
75qSAohLWYb60Hs24NUF,2
5QEDgGFSnVXWJLxUouBP,2
eECbifLAG9D1S8tMyIQY,2
IPtfXUCL4eJc7xsOjv1i,2
HRL1PvrNMO70Gojpsexf,2
hrB8P7K0OmVQEJz2AqSD,2
HzvWS4IuPE9idXmlgOAw,2
7w9HgKIJmjx0cYnea243,2
Ig7mTKfQJ13ap9xriVjM,2
FQvbKakrJtVAs1oqd8cS,2
2O8w7LMDfCgRhnvNuetV,2
0Hlm4XgE1cQhC6BkMays,2
0gxJ1YmwFUvnOzoM8N53,2
h0IeuHBPEixRnNKVyOYq,2
7SAUNtQf8RMmL904jxID,2
3Fq0zG8mAv7H6O9nSyuj,2
EXJvSznUcQjwyD4rGCNq,2
ahXirbx93wGU1RMfLBCl,2
283STBsQaI7Pw9qf0tjy,2
57v6nKMC8lhLV34je2RW,2
Di0ceNElhvZrdMRgbyYX,2
5FPfjxgv1adyEpBKGRqN,2
8gvOauLJb39wNfdAMDt6,2
gdpCryb5PsOv4TzWcLHQ,2
cdgKHZbChnaLEqFDRjvm,2
9xTAMrBbq2ugRtDJ3lGU,2
cOpJEz3VFlqX7dZDxUYn,2
0P6tEopzr2mIhkuOKiCD,2
B7O90Mfiz5EPpJyTdXFb,2
BTQCdlRynE0jZFomPDwq,2
5yeOrl2fKasq6BnStQ4G,2
3f0X7rvJBx4RQSbUcT15,2
Jd1mD8obKMOwqBgXjRut,2
dAabnhJ37zorISO68q4l,2
6lYnP71M2umQ3V4jJdLk,2
ENo8Xj5AOMHw2LDQuYB3,2
I0hLEDxSFoykrw9Me8Yq,2
0LQSi5wnRZ3muIs6Mx9E,2
0IAlcuEiP9G6epb71Oom,2
4pLtjmWkx3OYwiADERhg,2
GHwiU2dzIQBjApR8Kfhn,2
58BJu4mOfakNI1n9jKDV,2
GBi3fRHvLPWz5kStU8hu,2
FSMegdBp4jGDmah6vCsr,2
DtFJrH7gBuWNsV0YCbvR,2
6tmqe5B8JDsQnyhGo7vP,2
kg1ZDvKAN9CyWamsRIxi,2
HRE9TjDJgZl6LcuV7yKn,2
DCbTkH41EJzSQtLAVFmp,2
6WauKLy80DTdQf5hjZx7,2
fEQ8cAhmuURVLoBlYOsj,2
bE9uDl1Fft8AWXGgRVmx,2
e8V74pOXQdNYs1HcTaIi,2
9XqeCuYvWS62VE5giIz0,2
f3Cmly2RMnFq57Yis891,2
1TLN456WuaqCsDr9pv0z,2
98fBSiA2Nul5EzmnC6kt,2
kBZbta9T1vy8PnhW7f64,2
IwgDdxrbUkiXpfAMy6J1,2
9gBVZNKoIPkFM8vOp45G,2
Ip4oy5W8U1FbGrDnPajq,2
9KMBloOjwteu6ZxUhCzJ,2
JUO3pfywZnC4e9xHLBMA,2
GU32g0fBF91xp7JqNXHY,2
bR1ugX49KAGclzFwkJ7j,2
7uj5dveZfCAg4MWnorY0,2
0EAdHtLDypMcwjTFJziC,2
iympuaSrqvjfogKZcB7M,2
1AhLOsNdHzDPfJrSXmQC,2
I2ZH0sW5hT4aDKwo9gR3,2
K8eq1QCw0xEiuYFAIaHZ,2
E5SkPYDzxpyMwtXTWZ8a,2
5iTN1hBtkRDLcF7JZYns,2
IsSfM9LGyi5c8uP3p7hJ,2
Kfn9jdUWrz5cm03hiu7S,2
GbC6TFsQUBoX9irS8nMa,2
D95QEl8vuaTqdIAszekS,2
AxOFp3oSKE5lCVHPsLjm,2
aiuJTcU5Swlg1LzpFjdV,2
6hFQvE8Ae5NfGVkHnC7t,2
FR35AhkoUflSTdIs7bvi,2
bZl1kUSLsMrifRo0cnIA,2
65fRYHjJXpsLZdb8WFuy,2
36zPKsYmJc8wOiEqStFN,2
Fo3l7eAEM4XDmKyIV9tj,2
93a1FbpJTGSxjfNElrz6,2
D14MK7pSBhfeR3WxHztw,2
9PjuhOrlRqxHeQcEBYMX,3
I7uOWp8RalsZHt4mb59h,3
IndbLEkgMT0ZXa7DS4YH,3
0kzRDUmBLHGd4YPj7hO6,3
5pwP8bUu32gVJDrRCIcL,3
9QRkLX8V3CAmUwb64aDJ,3
jW1wp9ARJTiFdD58l6V7,3
GVeSwJETaiBybNsg87xC,3
a29m3nUocvzC8hBOWkTL,3
60DUJgelq3snQhyT5bxm,3
f2Vh4qUzD0ntxRFEJaMW,3
HPONF4CalK7MzhrRtewg,3
J3yrHmKZTv5tpBlExFkh,3
a6yPugSArOdWK1zQ0c7I,3
idQxka9c57Il1oBzjsgC,3
fEsMVSGolZeiqgz1pPKy,3
cdlgXf2EV9sOKvn6Dwt1,3
JVxhvaMDsj4PYBelFwOu,3
6tfq21R8nrIeSWAULNVk,3
G1VDCsLj3X8FTW2yzgO0,3
2ITFtqynN5lOsP378RaC,3
4vawJkZpDqzSU0FrANOm,3
iRDBIyTSNfnr93j864dc,3
60DUJgelq3snQhyT5bxm,3
GKE3r56OmluVYqIZQihx,3
dwIXmJU36HYyvpC8hj2n,3
HRabWnUoX7zv8h16F3Q2,3
aKH9GvftsjAQzeUwi0bL,3
a2UF0Vkeh5P74psmiR6v,3
8JqbzxWR216yr3Ptgems,3
i3HsbL1OXJ2qTQPY9Cto,3
DYzoP85CvmEU6BHWwVT0,3
Jgtyz9OK13M2CYkmZolp,3
iG2A63TItNdQ1XZyuLas,3
3x9R8E6Gv5JhDda2eoq4,3
Db0XpT26ZKq1d8eVPzfx,3
31lyTKsufPDUhgebwzQm,3
16gDhwbZTRjLMO9zI5cX,3
279EOCqmnPGMfixzTuwJ,3
i2zSbNFKQtwAYH8n7Cfx,3
Gxk6Z5edAo4tUgFD9OsR,3
HlRnpWyuP37okUqjdhC2,3
a3BszoA7hXZc0EuHjmwi,3
E5LXhtYsZMWfA4ebSVUk,3
guSsk0jAbhJXcxPnHGQO,3
APTVokiODMSIyn3r5UuW,3
DkaztyF2x9RE0sm5PMhA,3
6hUFQKlg0x72GzZjJyI5,3
2fmDnKjO0Ev1VYc4MhPs,3
7rLEfBjbiyXDU0Aewa4P,3
IHimG98vhtXQ0DF24r6O,3
dI8PKFeWtOSqDa9yALYJ,3
IYFTBN6LCn7SEQgbPOaU,3
bxj8HFNn0cCiAW7GOgzh,3
81lKRfdtTgnpWqIUYMzo,3
gX5Wqr9ojRFtSmYvHiPQ,3
HlhIyxPo0Ozd9eSkw7RY,3
0hWRb28Umdgj7xcXOwtC,3
EYhwV1UDBWaJlxNveuRp,3
2oM4SOUtRKpCVxlXEmeN,3
3Fv8npJNEqWBSmi6OxXw,3
ieUqYbvXQJhLB4NDm097,3
17kCoALmxaXpcNzd5KnE,3
6zGBMr2YkjqfXFtUb1Z4,3
jwSaizlJICMDZyYkH3FG,3
BEqMgotbrGVUiXsuFJWw,3
3FzBIgOhHKlnYspCXWLa,3
4txzUmCskIHWrpBgLZM0,3
72KpNMPtbRArxQLszX49,3
gchAJP4keCm0fiXr1tDn,3
2zsVAYPQrf3GFoD5JhC0,3
ira26FLCvbOlw4jy1mB0,3
APTVokiODMSIyn3r5UuW,3
JOaTGd7Pb2ekRXMHu06S,3
IQuKqwWjoiG301AeblVD,3
8lW0SucRGF2OTNLe7KZH,3
7G3kjlrJTEBAdbepzQOc,3
c8gbt2qHrVm9z3OyCIkD,3
2XoqdSMTgrZKACjPynfW,3
EPz8I26gZmCOiGbWXwhx,3
17aN50JFZXYrcAk2iCtG,3
0GKzFQ81IYXqUWkmfv26,3
jUMquAi2SlGwP5bv6tWg,3
8mWh570SFDzATaLEeVH6,3
DVsfP6pU89nBdhZHqxI5,3
btfgZzCVaKSudFc6E79o,3
9AN1xYGCFidTnrJc5RUQ,3
1uCWzmkyoKRNPS4XHcnf,3
iSDOzmncxkoV39KgPQLy,3
JO2iskzUlBVGj6Y4PEZc,3
JO2iskzUlBVGj6Y4PEZc,3
3dstJNajYRkxEV4g0nA6,3
65DnqP94QNtxbAHo1ucL,3
E7QxgmVGInW4LClbyA5w,3
jtEkniTysxuqG6DhAX57,3
D5Rb6TvCxzcwhUsF4J9A,3
Fg8vNxDcn4oRuG3MZ0d1,3
eu3NlqHJxfOcWkZIR87P,3
7lz9eQuHKTdVIfGYMrUn,3
D3ukxpLVATJ8FR5m9Cjd,3
ARIuhH95Kori4B8wmQLM,4
9eMPNZm0jOhr1SLBDs46,4
4suKxkVWNqFQZLB5UfXD,4
Ab76U0fJanpo2QwxVN9e,4
lkqEXK4NrYSseRTt0Gb3,4
D6WLAbdEhBvgXrRMJkao,4
gi5zQqk4cp7mXnHfSTbP,4
GewamPurl6D0Fs3zvbon,4
L5MO1uWhDZ2yplTkoRUd,4
cHGNtfV2oq0UwBWSgA9r,4
ARIuhH95Kori4B8wmQLM,4
BAGfw1SeoPIqyhTErbit,4
aYvLmPcHznMh8w0uFDkA,4
JfaAGUkRVNxCwqdb6sj5,4
kczYF5vSxW3ZrilfJesd,4
aNRflB3AsYTuZhWHQL4z,4
bG4TtEiph3JdyZCNsoz9,4
EYJryk0oKhPwRNbWuIUz,4
Fmgw4Qj1asTx0fS6Hvb2,4
FqEZWbA3xlSf178hYjMn,4
9DauIvUMYJ15so3beSn0,4
2g4C03AeqoZR6ctiF1Qr,4
9CVbzaWsLvcHjPqZu2Q3,4
4AuqM30HyOajgr8SleRL,4
f3QCengcsa0o7KlZyX1r,4
4aMbnHlA9es8vKmOFR2Z,4
4GUJ7HBXO8I56WyRSMQd,4
GBpWNc6frYvmq57wyxgX,4
AiTGE0dPvU4JH92LYoXD,4
IVk2Scu69wdmQ7tEO8rY,4
e7FhuKwUW8LfMA2bxEDl,4
jV8cSxM45pXgW7JPo6qt,4
6VNXsCD0lueo1nw3KO5M,4
EFyS8WGvdetUPbqiBhID,4
IwNUoFX01y2aBL9ZmObh,4
4j5ZXQI3ghezluq1snEp,4
lcqv9STBAX20houtQnR3,4
7Ebd8M0gDHBRIjFvr6SQ,4
ILTHy6snFQiapuxbXS7R,4
lkqEXK4NrYSseRTt0Gb3,4
J9BpcFqysLwr0YHeNt2o,4
aZKEkJF7CQtNSDf64d0P,4
5JLHiDhkzyYPdTeuMqXb,4
EKmgShQsf6a9vY0znNlU,4
kS8dLUGCRbajYvJZyDPe,4
AlNimKRVGWnbq7X64jfs,4
kczYF5vSxW3ZrilfJesd,4
6JIAcqDxegQoLzdNM91w,4
kl6Lw0U7WYT2biJXhP3y,4
2VhINMP4oKmsnjZkY38U,4
aYvLmPcHznMh8w0uFDkA,4
KfQ58FVTkB9sb1i4u7zH,4
J0fY3O5lUmuNqVPBDRKn,4
kJ1a9c6NoCv4DqA7Hh8R,4
JeR146WPmlVnxKvQAESb,4
iAFZ8be3gGIJcK9uHwEy,4
GxK7nfY1mOrBNDepqWj6,4
7GsWJqlM3kCt62axD5O8,4
CvdWjIn9A4GkBbp1HF6T,4
6XvS9xbnOsJKrGL30NZM,4
HeJ3ZCW4yLRrdktsnKo1,4
gP2lDJxn9mFV5U0dujbs,4
9lHyVeXERtIaZcL4kWqM,4
3RiBw0ntobeCh5VEQrY1,4
LfVY3tPrRZHGQ2SdJm5x,4
j2gBF09pxTcfIPy4kwJH,4
f25CLhEsZYBuOwvoTjz0,4
ew25jRNd81oLryHW4ZVI,4
jOZMUJF5waGhqLQbWsYz,4
dAW1p8eljnvTZCgtfYHa,4
CITaOLPoy9vEpM0qe8X2,4
Bj1A0a6Ec4MIUQzfsTg7,4
9MFzgoiD3y0BXQGdY8vq,4
2mYSX6J9Dd5lkpLuNMc8,4
gGPBDhr24EI875LfTNXV,4
COz1qc0Ds7RHkdbQBwvU,4
fJNIFnjPxKEvHemRBYsg,4
3Q8Wvm1ceyOhSajNdCUb,4
buBXk0VawKfpYLytPxFj,4
6HdwDkgvEnNh9cqlyfR7,4
6cYUST29aReytkJO4zXi,4
9MKSaiLY4AtGDZfvRQ1E,4
JAB5De4OMltSf6IKHo3Q,4
CJd8AaX1f4EqUVtj9Won,4
ckaHuew6QN1dhb07q2V3,4
Fw2DKBfl05J4xkoArtU3,4
8wiAzpNQEV07aXyR6DIl,4
1FacC02JPfxSdXeD7MEw,4
ePCwhpaOtzJHT4QMBsXZ,4
EdT3lQiGHbzmrX2L1NgD,4
GHyIqK3kbD7SvBftzaYo,4
CZERL3GtjlXBSK2QidO6,4
GV7WShk4vjpiKqbEBgsr,4
HpMdj30s7EDPkiFLWvYy,4
9CpcVP4NlA0n2hU7DzTY,4
e7JZ2kUbKHzhfpMRctqE,4
DRsZqtFbzNrucxWaJofL,4
8odIrLKhPvcDWNCVasUl,4
CnhXYK6fcAieFjQgJ4Hv,4
FD0QUxGhmurO9Y6bITAj,4
hrguW0CqMt2mJdfvX8IB,5
hrguW0CqMt2mJdfvX8IB,5
7cyYPthi5KmvXEs2NkRj,5
ei0C84XpoqcAS6v5ZExI,5
1KB3Z7gd5aN4Xmx8W0sf,5
2aHfrLhcPTj5GnFZXUCN,5
cYb4XuNSqOA9IFLHseG1,5
GkMBlvTidr5oyYOVJCwc,5
3m8kb5ILPrHcMC1o9Nht,5
FsirpP0oDwXeAzC2KndG,5
Hc5LqZVK2yzlsb8BEfdO,5
AeCXyFRcU2SsgvVTpMzi,5
F6nOrb9ipd0SskWuJjUw,5
GbTUXFYkMoafQSe1zN94,5
b59dlNEacoYUAyeR4Ipq,5
F6nOrb9ipd0SskWuJjUw,5
FdiEeV3N8WtUSXjmcrxo,5
dKcE7Q1zuFViSaDRUtxY,5
GbTUXFYkMoafQSe1zN94,5
Hc5LqZVK2yzlsb8BEfdO,5
i8WIr0dtVHSGMmwFlcUY,5
Dj3FqX9IAHco2tG1UOZS,5
3zZpqyclD9B2v5Qas18m,5
5tMCNKDogQ2x7zwUbpcZ,5
4UTMdcZkxzLvwygO8EuK,5
Dj3FqX9IAHco2tG1UOZS,5
Fnda3PuqJT6Ep5vjOWCk,5
1KB3Z7gd5aN4Xmx8W0sf,5
epLciPaHrTu1gl4CW7Uf,5
FdiEeV3N8WtUSXjmcrxo,5
asKPnzUXjShMc0Tl6Wge,5
cYb4XuNSqOA9IFLHseG1,5
3m8kb5ILPrHcMC1o9Nht,5
FdiEeV3N8WtUSXjmcrxo,5
1IpWLz6eyhVxDAfQMKEd,5
idjesBrKybwkzPXMalUL,5
fyH8oWql4rg7tEJSLpIB,5
EB0d2fJGLHam1tQCUDWu,5
7cyYPthi5KmvXEs2NkRj,5
hrguW0CqMt2mJdfvX8IB,5
i8WIr0dtVHSGMmwFlcUY,5
2qAtoGOuMQZdmH3y7bEY,5
FsirpP0oDwXeAzC2KndG,5
GbTUXFYkMoafQSe1zN94,5
ei0C84XpoqcAS6v5ZExI,5
F6nOrb9ipd0SskWuJjUw,5
BKXtxeYlLsprabEWIQhn,5
hrguW0CqMt2mJdfvX8IB,5
i8WIr0dtVHSGMmwFlcUY,5
B6dzEY3kKIn8me9McfGg,5
fyH8oWql4rg7tEJSLpIB,5
BKXtxeYlLsprabEWIQhn,5
3m8kb5ILPrHcMC1o9Nht,5
AeCXyFRcU2SsgvVTpMzi,5
2qAtoGOuMQZdmH3y7bEY,5
hrguW0CqMt2mJdfvX8IB,5
i8WIr0dtVHSGMmwFlcUY,5
2qAtoGOuMQZdmH3y7bEY,5
e2r6IncxE1LQOKFGgphj,5
bGPHZFpAL3N957064wzj,5
2pwjzv6eGEb8QmHPfxSc,5
8wm2jYBqV30okUMfuDCd,5
5tMCNKDogQ2x7zwUbpcZ,5
Fnda3PuqJT6Ep5vjOWCk,5
0qjuDC7Rhx9rHkLlItAp,5
3zZpqyclD9B2v5Qas18m,5
BKXtxeYlLsprabEWIQhn,5
0qjuDC7Rhx9rHkLlItAp,5
EB0d2fJGLHam1tQCUDWu,5
e2r6IncxE1LQOKFGgphj,5
GbTUXFYkMoafQSe1zN94,5
40KRbGeQZ8PwcUgt5joa,5
7cyYPthi5KmvXEs2NkRj,5
DEyOUKzN2g8suv96eYoC,5
7cyYPthi5KmvXEs2NkRj,5
dKcE7Q1zuFViSaDRUtxY,5
5tMCNKDogQ2x7zwUbpcZ,5
epLciPaHrTu1gl4CW7Uf,5
fyH8oWql4rg7tEJSLpIB,5
fyH8oWql4rg7tEJSLpIB,5
i8WIr0dtVHSGMmwFlcUY,5
DEyOUKzN2g8suv96eYoC,5
CRrAOvzk452LVZIGMWsq,5
GbTUXFYkMoafQSe1zN94,5
FsirpP0oDwXeAzC2KndG,5
Dj3FqX9IAHco2tG1UOZS,5
B6dzEY3kKIn8me9McfGg,5
7cyYPthi5KmvXEs2NkRj,5
2pwjzv6eGEb8QmHPfxSc,5
fyH8oWql4rg7tEJSLpIB,5
2pwjzv6eGEb8QmHPfxSc,5
Fnda3PuqJT6Ep5vjOWCk,5
DEyOUKzN2g8suv96eYoC,5
i8WIr0dtVHSGMmwFlcUY,5
Fnda3PuqJT6Ep5vjOWCk,5
i8WIr0dtVHSGMmwFlcUY,5
2qAtoGOuMQZdmH3y7bEY,5
cYb4XuNSqOA9IFLHseG1,5
dKcE7Q1zuFViSaDRUtxY,5
AeCXyFRcU2SsgvVTpMzi,5
CWDE4xUiRdwmFGAt80pn,6
AK8ZjCh1nXIzygf2s3Tv,6
dI1vM43Nq9uSAlZYCoV2,6
02IOCvYEy8mjiuAQHax3,6
bx3MXBwc0zulDOa1UqN4,6
c1VozPdAFBwHfagjWCls,6
9dqPn4IQFJCw127aTVhp,6
b3EWAzP4jaUevDKZrfqt,6
HKD6kbY482MvpV9saOhi,6
ft5WBShKzCA80vTxlXEa,6
CpqoJfz2l3hv9bsUOBHR,6
f7L3tzZJEbS52NTgoX9l,6
ATKzi05WXfeNpJPcvmaZ,6
6Gl3BHUfNtrFQv5YJOym,6
03nJaQV6K2ObICUmyWoR,6
8jN4P37vE9ROTiHoZaDG,6
EjnR6Llw4p7sQkJWYiBq,6
iUzHpeNq2fWxC9j6OvYK,6
i7CLX9fEoxgIDnrS2Kt6,6
D3n6SdQlaemK42C9gfR0,6
KcfgCTNF3aMdqJ0jyWSG,6
cez31fjVZOP2g0nwD56K,6
I9yrDjPY4kMqU8czFRmv,6
BK2Osv0kr1lnCpSDUaIf,6
gwf3X024hVvFkxIZB9DP,6
KcfgCTNF3aMdqJ0jyWSG,6
9eYt5hjsLfTizPRZ0aUJ,6
5LFfKQjM4c1TNgmrEHpX,6
etGodBiH4V2DKrbMjx0S,6
DibnkXflY49wcOpo7vyK,6
aKDbZWFzy9XfPO051nls,6
03nJaQV6K2ObICUmyWoR,6
Ax8CPSOsnjuY1cDyNbqH,6
bRKkovBDCAzcZfNJ7LWH,6
BEcVolryIXTuDYLKbgGj,6
InV3KRNESFBqMHUDabGw,6
EC82QvRNxyZOiAKhlo0V,6
gNOcktmwv3FMZ4TH02EJ,6
J9es05NzjWripUYxb1tq,6
GXteK0J692hS4YnpNzWu,6
cpThD4e6b0CZzSmG5wjy,6
GXFP0dYvns5NoQtIBECf,6
f2n3OzR8yBvu5ScmNQeP,6
F8CeVXzxLhnjo0BHATPZ,6
Ewi4DkoMZnX32pfdhRem,6
bfcBD4vaOtUJG6K5imqx,6
Ewi4DkoMZnX32pfdhRem,6
ExVywGIrOR8UiNtujSXh,6
jQFsKBUnJC8qGSx34M1f,6
hJUKWFN7TtXmZgqL9kM1,6
Ig9ZEaGmMrT1lHJhRPQx,6
H95BXlwhOQPirqy4YoRn,6
hwxS01rbZ96nIgmUPMLN,6
EOeh6tPNzBog5vQRMF0r,6
AHErPLd2pTyWusBgXZOx,6
82L6irNBWpMQZ9DRlXKw,6
GBUMvuwR3QHfLSipOohk,6
isqLdxNQRBISP20C98A4,6
DohL5RXbrCuUNZtM28x7,6
4PIo3NbSDfGxFc8gQ9M0,6
I908mGcdwzlf6oS3QOFT,6
clCOkQxvBKzwWaPZ5RSH,6
CGtMcxADYKyHhnTrebkz,6
1i2SThtkCGEplHeoJxqI,6
D3n6SdQlaemK42C9gfR0,6
gwf3X024hVvFkxIZB9DP,6
br3oAnTeGyDp97XkzCOS,6
AK0WapSl9V5GYu1HsxLB,6
fdKU92Heigr1xALlFTkS,6
0MmZ8j5pn2R3VG9wlxYi,6
D0xHyj1fV5sA3tN4JL26,6
jv916D4YpO5LHJVWlCna,6
fUX42V0cAKtij9IHrE6N,6
BASrsZoQNCtedvFkT5Xz,6
furjbFsqkwKzaNxB3RDL,6
EOeh6tPNzBog5vQRMF0r,6
6m2KfEwGe3bJakIr8Vhj,6
6JcOPhsUjbfXgnoQaHyN,6
ixTICoNORELUk9wlpGa0,6
8CKcwMWse2LIa9tkhGXE,6
2g9xU7Md0IsoLb5f4QPR,6
I7LJAB2rbs1XKMYVmvdx,6
DF8mJsVZeA2E6INP03vc,6
ANz6knJhUMmGgC2av4iB,6
D3P5wso2J0hYbKRIWaCL,6
gPz42XwWbl7JVAQytYxT,6
5Kj6AhNFgwEU9aeCXTOy,6
FBUMp7LZTP5SD82xyAWG,6
GEs5ryOXjLYVdAM7qK8z,6
hwxS01rbZ96nIgmUPMLN,6
8CKcwMWse2LIa9tkhGXE,6
EpVF6whltPArouQzvC34,6
723C8e4nNUKMLrQZYdpP,6
dv4yexuAzXwGUENnBhro,6
5MrYiQtEc4lwyBRWh8GJ,6
HnCIJEd3foNTBUtSv7wK,6
Iq6zLDfSXargmVQAZbHl,6
a3UjzHb2mkQxnJdtZsRV,6
6wHyQ3DVLMBtsxnhGvmo,6
K05YJpcfyTCU4EdShQI1,6
H6Vad3u8gEOPbwveYCrF,7
Iyjk3mOQfLnRTSqzdCJ1,7
18S9URJgMWqua2TZevsh,7
jPwdh0NtUaR9T4MIWcuE,7
FNRvlymt10cLEBADOj9u,7
aXbDi405xeqQynl69Yk2,7
cuQANt4oBpMzmYKRkGf6,7
i0nhIRJcsq6BQCpmNVlj,7
I9zqNg8Bj7RECDreiUX4,7
6nyOgqz1XDCm9QsK4BRv,7
foWjCIUpHk4tEruJlBGc,7
670isB8fzGbAXI3HmUoF,7
kN2FUugrtwA3nhWd7bBT,7
d4ABW7XyvPzItZuoQ6MT,7
jWN2deuOSfDhU4cR6XVA,7
HiXUclzIL2rEutjB74Nm,7
FDHjobQnCUSs6atXldJL,7
a5n3BtqdsJlZfup90MS7,7
dzValPwcOHZhJISqyp8T,7
57aolZC6XSxqr2HiGsfV,7
4YUVqM7twOzoH2ABPJIi,7
HaxgVnrql4bk7FEot9Sm,7
BpLKvjJNAdDqyMElYnR3,7
HwOsZC4B8VSEXoa5WyqG,7
8vLGE0QNUBHaK3dt5hyl,7
HeSRou1ZPv5rNK2Wnzmx,7
HeSRou1ZPv5rNK2Wnzmx,7
AOVMlEpXa3N2Tj581QGc,7
35dbDR8KSIwZNAPlcgTi,7
cDa5BKpzw9GqnArQfZ1L,7
Dn4rZAFdVq6gHktTziEC,7
2xlhAE5LO8RFfczB6ep3,7
6McvAWZj4285L7XPrwnE,7
1KjZ4An78sOytkzgRL0E,7
F58JACMhQPSYrdxqBW2p,7
jmPeQlFEcqyRuVwrJTvp,7
86kXs2U1IEtu7d3fvxJY,7
18te652nLyCi3IrZqMOJ,7
H24gZfhreXtDJMjo1ISx,7
iLBzkjmPncOKs7f4FDv3,7
kLaYBGOTINF3t5HvqJmA,7
Fiq2TudjL5KZAoBScWvJ,7
bipFgQ8uwHkO9rnRfWDC,7
IwgVeC9qRbUkfE6Q3HTh,7
3mpsxg2FODqCAXHbMKPi,7
gQYxTl9UmRDKqIMBkOV5,7
2UBy1ZDIiOxJHNnX35Mf,7
CG6sL3Aug4yomNnztEIw,7
dolHJvDGFs2hk4LIPR65,7
BxPFmVlCKJpDQzIZcEAs,7
697TFDm0KRiZIgB4pJG1,7
8kVfT5MmuErjvdPsZxIY,7
InKeBl2Tt1Oy0qaLWXRg,7
dClSn1heupsZWENJzmxQ,7
EWjvFU5GXeSaHzxBh0f9,7
7Tqx4LAfG8hZHivBO0CD,7
HaxgVnrql4bk7FEot9Sm,7
BdonVvH3SC2IFgc6NQTh,7
f4BqH0J1xLkYKI3TEQWm,7
jTgCQwsHRJMLbVrZYxe3,7
l1OdNtIKM8Gi6jowZHg3,7
1jinhWv67o4ODebAw5Q2,7
IeSLbp1rGWqQAvPX3T2j,7
jDJ2lpYeC6OLvPqWGIsa,7
AXvM7mlBfJ8eHVDcspNz,7
c1SrgTA3MYaeKktWwOiF,7
EWjvFU5GXeSaHzxBh0f9,7
JzF18ftmDC3VOLnIAhWP,7
CG6sL3Aug4yomNnztEIw,7
jKOP7rSszpF6dhNHQfua,7
HzGMQNh0jB814iA5DbYI,7
5mTjuSpdDG8k1IBHaPqY,7
jWN2deuOSfDhU4cR6XVA,7
0KgE6ksUeytoHfl2cT4r,7
5EVhC0IMi1dNb7TtgxRa,7
gelhQLoiRE0HZTOI2fYv,7
1KjZ4An78sOytkzgRL0E,7
bZz2OoQmqx0PdGBhaHKk,7
4Eo8QvuZFWCBR6i0rhs7,7
dClSn1heupsZWENJzmxQ,7
iXQAH6xIYeLSlCfdmWbR,7
JTAoQ9miHalVeE63PdBU,7
1FAxSngsym35phwROGl0,7
1nLqk0H5NYdR4OiJ6mob,7
iXQAH6xIYeLSlCfdmWbR,7
1iWTJCzlSZgempU2xf04,7
a8hZBDrjGiMdtzSklFNV,7
3mpsxg2FODqCAXHbMKPi,7
2r0UYLcKCxnRovpj5dlQ,7
0xfjbVBPYX1pSt4rdWOe,7
fV4XIAyj1ChBxwFoiruR,7
hTvkHcPfw8pLuUA2S53z,7
GpdqLhNUiH9tZn5zxTEg,7
IyjtB6DFWvnTYw1E934Q,7
gDsZ7RCYM6vW0VT9ENzl,7
C7zrE8PH5XKtM4n0uYkT,7
FQLZtVfKGT83YewqPjiI,7
kMDrx5LS2P864CIwNiVs,7
FXGvem2ls1xYbt7rkN3u,7
974hJRWKfvXaTtNoqMGl,7
1sOzen4EwI3a2UkSJmT5,8
jNUWxT9ZE3AzQHJcflRg,8
EIhQGg69bACYPNXBSxy5,8
anNmxI0dCHhXqo6QWYyk,8
eR5NruTbULqhYVFmt39d,8
E4HJzxXgY8B19ZADdtoL,8
dlDuzi87p9eAZtUE4w2G,8
1Ue6El4YDMXcVmBsqkoF,8
aPU2SW8Kt5OfDzXZ3YqC,8
BsouwtiGC4ULQcRpOWh0,8
6kgpyCID8l4Pw7BYHTjM,8
iowRTFnvHWejpr4aU3b5,8
Byt6LiXanHRvSsMEGFU9,8
fN4v3lq5W7BPzAwTDisj,8
gdoH4F675iWmYCT2OrnZ,8
gpsAGrcBhjxJaoL7NqYT,8
GHfp03Ls1VE2bjXulTqZ,8
gtoDIM0zURwQ6ZdLx1JN,8
8aIkyv7jJRcWpYOD9Ub1,8
kBdDKj9W1rQPpoHmetaG,8
52HWtsPqbBSn0awgkhTe,8
JFWPGhyoASRaxQ4Tb0md,8
Iec3SYD4Gimhob1xQ7sV,8
idNxFM4agPHCkKzbr2Zh,8
1JiaRhjycfZb8BpmX4TM,8
2xysDc6OgM8z9KJ0A43P,8
hQHmEatGNbUWysPJ2TKe,8
CofyHkdmFVtYO5KWJn46,8
AYVnhTKJPbW2eBjrQ3Cc,8
kFyYOLBqi72sHKA08vDm,8
1ARrSUKCbhWeTFyjp4ix,8
DnSqtl6oksRxOwP8g0AM,8
CFGqpn3MEZYvh9mHtL2N,8
4EkPyotphi7jl8g3r2JH,8
BM9ri8vXtbxJNem6S4wg,8
gAdFOfVQUxbq738orWZC,8
IPtWyJAjkcHm1dgaQr7f,8
0Tw8aQsVxMlZgFDPUm21,8
dLuRwUfn04V1ZsDpbvKP,8
2wyvEnXdNFbxaAWr1Dok,8
HJt1Mc578nYFBDdKNkVu,8
2SWx845krYqTjzQGstVZ,8
0zr6vIw74DgVSKXiRUY1,8
bFouR7d8lxgEqsCtMhOj,8
GmH1ULjobZKMkcVRyqQs,8
A4Gwv2fplFCVaiSbKJN0,8
4FdKAHtfpGS1hCjgyNJo,8
hIDK0p1PAiJdL87CzG69,8
hnSlVLa5IfiuctNwsmOd,8
IeNRm6SYBKxiWPsETau4,8
9wOVdUL6r0SmjE1kAMxW,8
ByY1Q4t83mnODGTj59op,8
7Z54Kq6E2GTvgbyXunm8,8
E15YPWfDswVaxUlCdyoe,8
agqI7DjH6FXER2dNJwVT,8
aJHlbn3Ueqs5cZQyiKzC,8
hbrnNtGHS4K8QFIy9jd5,8
jxgaANiB20rR4UuSveCs,8
EgJw2tGHKzZ3YeR85aID,8
3Fc2OQgjnfUebXqh5HWp,8
FIxgyKhla8MGTcAf7Xur,8
ciaN815k3pWLnQX9oGRU,8
KGTOj6HAvNqWUcP27bCf,8
gFNGYSsVAOx58JEI0laR,8
HzjUnQe2LAZmiT6EhGgo,8
g7qEpdzW3mhFL1Tf0kHV,8
DPVTHpkfLrABWaqgoyjw,8
IweQoKz4HxGc8mAETNpM,8
Hy8L53hUREkZMs1PnlSY,8
9l5grVFxD4EItfTnqmks,8
5b6L7AeCpaJPYZX4Wqjf,8
AYVnhTKJPbW2eBjrQ3Cc,8
DkNYd806tFbgoJ4zf1UA,8
36mPaSFkA7gVLnCbhqTt,8
amGeXDTwCldUsVBHPqkr,8
ec08aukvwVXn76Fg1RBA,8
1esMpo6SAPHiTUGEb3Bt,8
HqX48iTlfj6goR3JFWwG,8
Fi4uPsNg2TcG95h7JR0d,8
a5btWIHhlzjuXiBykZG6,8
9ra6FlEPuhYQX72JAdzf,8
aPU2SW8Kt5OfDzXZ3YqC,8
aeYfI1yn7sPiR49EW5xp,8
grm1u5UkAvVC8obIKqi7,8
D9XrA6kMy2sh8ZYnjqiT,8
dmHnoVODQABpur6sx7ql,8
4ZVUhT8gufvReG2XS51w,8
jCyKgqf4SF3UD1HIYJBO,8
aeYfI1yn7sPiR49EW5xp,8
aFjtGgxzWAseZRiLJK8I,8
2bZlmksaBHeNDVnf9PRx,8
kcAwuM18pnvfbgIos570,8
Cvi1y2efF0AhORZ75uNK,8
jbFcZuLt8zmiJQAORP0p,8
jK9SZWNRLUAhvt8o5Ycx,8
K6iRbvqZrJ5h3C4x0mMT,8
hS1lyzcapZusPmKUv34W,8
JISwfuZgpX0PHTceqGCA,8
JgtDMQ8WuhPiFxBnalL5,8
HLpXtJWqcKPYl3bdQzEG,8
40Mg1k2UlPuQcsEotIej,9
cVFaWK1b2dBXCho37sjE,9
dJ326HRzYfn0DZIPhjMv,9
kAtomObScfxVW1DKXUla,9
GxlJVp3SyrY5vKOd9QgR,9
FRzN6ZiS5KU3Iyql2sc7,9
gGfFjZ8Xab24eQ6zADN1,9
ahwFAIPcS3yxg1j02KCJ,9
JiSOgRmtv7I25DcolYBV,9
EMo7F2Xe8pgWKZfwhHuV,9
B17Ru4gs0vhqyMjCtLZw,9
BxhpgtQbsyuqY06HJ2OT,9
JyBvMAZbhIprolF8HNe6,9
CZ2gJmqpoi0PuKQnxfHw,9
5drRtkhwUeEg1WyBCXnF,9
4ng9zuri2Dtm5H8INwxF,9
FiHCdZeLuSOWcQBv8yKm,9
dETSCuIZDapLP9AlJ7o6,9
IUVTHk0fbcLtrx91MeRh,9
5VxRKX4N9ShuDZsqFepk,9
b8KgVcy57AWMQtHEqdxo,9
g46jFCHzY1oqtws0yxO5,9
1SVleInitNjxByvsFbdm,9
39YX8jkenM2UHOvCRDq5,9
d71upfoW0wskv2lz5O84,9
7yxCFjirtYhceaPuNZkD,9
3ESs1rk0uyp9wlGgFaKj,9
7waVJqpLnoxz4fKsZv39,9
egpf3iObh8MlAmqzRDPu,9
cwMuz2CjEtOdNiA5h3ya,9
2naY3OZxS1g8HTqE07ew,9
2i5N9Ftj3xoySflKzbAC,9
HYXoC7FRisqWgwP0EjLK,9
EMo7F2Xe8pgWKZfwhHuV,9
5LaoOiqj82w0uQpWzDSf,9
IbALBFiNrcgEW0h3Ow9k,9
0QIZ6hemJLErWdFlGnCc,9
AJBxQN3qer6FYj1RkbdU,9
hxza7D1ItdKu3bNUXRly,9
fvbowPJXxAKQsVt7MiRL,9
8hIFCdlVcX0uxefwQ5E7,9
iOgu76c1IdGrQeRDTlPw,9
DUVqFkRTd3MnipSGWgbX,9
icRPzo1apvBleNOfSXq2,9
IOPgsKcr8nwu3kaW5HUM,9
Be50gvTzhjPKQ4m2FyLl,9
fcVO1MyZnTIkNCaUEF8e,9
D6u5yVKshqgxUP3WkGf1,9
Jj7eK6AhkmDRB53WSO4P,9
h2ygf7Vv1zkIe6q5lTnZ,9
g1lGzN3S8fPhx96QVbE7,9
hFAlObnD1iHQTdgMGBY2,9
kGITL4OJxYMWEQ1bKBiP,9
7TOAFQ4IL2oain9Z1DRq,9
6cdHfleOSjY0BJxUZNMP,9
gGfFjZ8Xab24eQ6zADN1,9
gPLn7w2aJz05DbrjfFVx,9
cqhpxUkoCsVYuHJm7K0n,9
Ce3k2BNVSYobKq5zGTtI,9
B1RqJe6Mmwjnls7K4aUI,9
ijsudn60LwGlgaIJYV5S,9
h0RSAT7iEZH4lOQv3NtW,9
dQbqMtOsVYrWDIvh8k2S,9
1HFt83wrBnSQu7cP2WZy,9
HZI8SimVhNLz1JD5fbyW,9
btnjxGM0mzXWZOys5N2r,9
61rgpy8Dx9SR4WBzaPtm,9
8VrlyPxXiEU2Bwg5ce3Q,9
FmUz8pwNlXgbS7DW5yre,9
0B2RwKm6dq9fjUWDNIOa,9
3OnykHo5geP1NAf6WVIw,9
8XarpMwmLAk1gTDfYZol,9
iLj1Bfr4dYOp5RsoZmk8,9
gGfFjZ8Xab24eQ6zADN1,9
jTgF9SKzb8qxdsC6NnmY,9
d6Jnl1vc3OWsVPMygQBt,9
DIjcFZaN2Ly4VGnKdoql,9
db03PLecsviEz6TMZCSn,9
cwLo2p34lqzMiOrT5PAD,9
d69TJVnLQBqZCIaY2o3E,9
HgoVMZFR7racUO2EA4tI,9
JlYNWgvo2LCkQRV8d74u,9
B3F57b1RXv8cuGZifynU,9
eFK1IWckUmuM3oCAjON0,9
93DFQGKTLxy8Ej6kwlPu,9
8wSjurzyd3Z1UfgFJe6h,9
CLZ15SyTFMUBH3ldR427,9
dqXuSezv3IJWonmGFUAp,9
DayOBihLJU5IkSjAgMmt,9
jwgxPFMNGtXKTYkio0rI,9
57Y1sP8cgERT6OQyCJjN,9
eHjL4QC8MPTkhdqtZaDV,9
KF7NGoQSk8v9OE0nrwy2,9
gAyPsqEjndt4xoGc2J9Z,9
dFf7OsbJGliBohLWMk58,9
AkmwZ96MNWGXnObY21SQ,9
B17Ru4gs0vhqyMjCtLZw,9
JfW6FM47u1otlOYUdwbH,9
iouyxgUJX7pjI1LBTSDF,9
FAMI9aEG2hk8BKeNYzmZ,9
